{"configs": [[7, 12, 10], [9, 5, 16], [6, 5, 14], [5, 5, 21], [8, 11, 7], [11, 12, 12], [0, 10, 7], [4, 6, 8], [5, 10, 16], [1, 8, 21], [10, 4, 1], [12, 7, 19], [9, 6, 19], [9, 4, 1], [12, 4, 12], [12, 5, 24], [11, 11, 23], [12, 12, 24], [11, 11, 22], [11, 11, 19], [11, 11, 21], [10, 10, 22], [10, 10, 21], [10, 10, 20], [10, 10, 19], [10, 10, 18], [10, 10, 17], [10, 10, 16], [10, 10, 15], [10, 10, 14], [10, 10, 13], [9, 9, 15], [10, 10, 12], [9, 9, 14], [10, 10, 11], [9, 9, 13], [10, 10, 10], [10, 10, 9], [10, 10, 8], [10, 10, 7], [9, 10, 8], [9, 10, 9], [9, 10, 10], [9, 10, 11], [9, 10, 12], [10, 9, 10], [10, 7, 6], [9, 9, 9], [8, 10, 12], [10, 11, 7], [10, 9, 12], [8, 10, 10], [8, 9, 12], [10, 11, 10], [11, 9, 7], [9, 11, 10], [10, 12, 9], [10, 11, 12], [9, 9, 11], [8, 11, 11], [10, 10, 6], [9, 11, 13], [8, 9, 10], [8, 11, 12], [8, 9, 11], [8, 11, 10], [11, 8, 9], [10, 11, 11], [9, 11, 11], [7, 10, 11]], "observations": [0.766332700218656, 14.33293360792554, 24.437715978038707, 42.02668714868286, 0.2899359857708872, 0.07727404303626509, 12526.683856160695, 72.89546306223585, 13.922655360753874, 3358.2535970507915, 338.51889847116394, 0.7370356181167959, 3.690442366965062, 341.7112430633812, 54.2498349652621, 13.323647351659682, 0.07534474129717753, 0.07880000000000001, 0.07534313482057245, 0.07535944920658791, 0.07536292184060381, 0.05209149118723616, 0.05203957606681738, 0.051487405202159275, 0.05120782121994303, 0.05085155272706574, 0.050536142091511804, 0.05008593941402864, 0.04974399963417262, 0.04923881643720784, 0.04854637255218347, 0.055168146931739964, 0.04764621180693354, 0.05509878814181521, 0.045764112255018405, 0.05582492355911681, 0.04242017413090619, 0.0355223256644091, 0.018377277785387763, 0.02871956002824475, 0.04141444278742076, 0.013079404140824131, 0.0031315006408162284, 0.001719386687905378, 0.003926840421898192, 0.0033350249156670424, 1.4960150694887286, 0.08435047135808224, 0.17056028904206433, 0.003541152626142915, 0.003301422814685152, 0.18354394390999507, 0.2585958130049326, 0.05622800006103107, 0.07306001871037912, 0.01776692075402856, 0.05619287750561147, 0.060081490415564875, 0.0622338116503551, 0.13905679664431347, 0.19661907389304845, 0.02402891746009085, 0.2749536861904611, 0.1362427202661165, 0.2685665176099772, 0.14562410289706063, 0.1619882640478798, 0.058593361680270094, 0.021093353325324058, 0.8509194511211471], "best_observations": [0.07727404303626509, 0.07534474129717753, 0.07534474129717753, 0.07534313482057245, 0.07534313482057245, 0.07534313482057245, 0.05209149118723616, 0.05203957606681738, 0.051487405202159275, 0.05120782121994303, 0.05085155272706574, 0.050536142091511804, 0.05008593941402864, 0.04974399963417262, 0.04923881643720784, 0.04854637255218347, 0.04854637255218347, 0.04764621180693354, 0.04764621180693354, 0.045764112255018405, 0.045764112255018405, 0.04242017413090619, 0.0355223256644091, 0.018377277785387763, 0.018377277785387763, 0.018377277785387763, 0.013079404140824131, 0.0031315006408162284, 0.001719386687905378, 0.001719386687905378, 0.001719386687905378, 0.001719386687905378, 0.001719386687905378, 0.001719386687905378, 0.001719386687905378, 0.001719386687905378, 0.001719386687905378, 0.001719386687905378, 0.001719386687905378, 0.001719386687905378, 0.001719386687905378, 0.001719386687905378, 0.001719386687905378, 0.001719386687905378, 0.001719386687905378, 0.001719386687905378, 0.001719386687905378, 0.001719386687905378, 0.001719386687905378, 0.001719386687905378, 0.001719386687905378, 0.001719386687905378, 0.001719386687905378, 0.001719386687905378, 0.001719386687905378]}