{"configs": [[0, 0, 1], [1, 1, 3], [2, 2, 4], [3, 3, 6], [3, 3, 7], [4, 4, 9], [5, 5, 10], [6, 6, 12], [6, 6, 13], [7, 7, 15], [8, 8, 16], [9, 9, 18], [9, 9, 19], [10, 10, 21], [11, 11, 22], [12, 12, 24], [6, 9, 20], [9, 6, 21], [9, 11, 22], [9, 10, 20], [9, 10, 21], [9, 11, 21], [8, 11, 19], [8, 10, 21], [10, 11, 20], [9, 9, 21], [10, 11, 19], [9, 11, 20], [8, 9, 20], [10, 10, 20], [9, 11, 19], [10, 10, 19], [8, 11, 20], [10, 9, 19], [8, 9, 19], [8, 10, 20], [10, 11, 21], [8, 10, 19], [9, 9, 20], [8, 12, 22], [8, 11, 21], [10, 9, 21], [9, 10, 19], [8, 9, 18], [10, 9, 20], [10, 11, 18], [9, 10, 18], [8, 10, 18], [9, 11, 18], [8, 11, 18], [9, 9, 17], [10, 10, 18], [9, 11, 17], [10, 10, 17], [9, 10, 17], [10, 10, 15], [10, 10, 16], [10, 11, 17], [8, 11, 16], [9, 10, 16], [9, 11, 14], [10, 10, 13], [10, 10, 14], [9, 10, 15], [9, 10, 13], [7, 9, 12], [9, 9, 13], [10, 10, 12], [8, 10, 12], [10, 9, 13]], "observations": [38248.61199248103, 10247.35192298129, 2647.1905418973643, 672.1521567405509, 672.1521567405509, 168.93440111123826, 41.999288615091125, 10.331482048081313, 10.331482048081313, 2.460135113894314, 0.5200113074547199, 0.054728120556658884, 0.054728120556658884, 0.05192259042210706, 0.0753459328622081, 0.07880000000000001, 3.7268956259828245, 3.7097935101896065, 0.026665758635757417, 0.006260562568443097, 0.006317628945872978, 0.02658072095650425, 0.13100578625544237, 0.1667695872968496, 0.06423241029115796, 0.054728120556658884, 0.06389316895830141, 0.026340620522075746, 0.25808731699674564, 0.0514535799487869, 0.026199400355256048, 0.05117936252324328, 0.13099847567392514, 0.006528846577608498, 0.25808731699674564, 0.1667695872968496, 0.06481790255784059, 0.16678611549373168, 0.054728120556658884, 0.11555368891259753, 0.13099847567392514, 0.006632005279326682, 0.006218957449077741, 0.25808731699674564, 0.006572099178536409, 0.06371611406727304, 0.0062022423868729375, 0.16678611549373168, 0.026121899539309774, 0.13102050192179537, 0.05477920332493512, 0.05103647106460226, 0.025955885547518997, 0.0507516993668476, 0.006134163571363672, 0.049805911773968085, 0.05013395107809861, 0.06336808721137481, 0.13115239208787716, 0.006011505927060186, 0.024941255338392677, 0.048568280980638014, 0.049207400347720684, 0.005860324346898942, 0.0049774714485137095, 0.9934301545796291, 0.05612416249762209, 0.04750645940263892, 0.17068399412336224, 0.005279099754431542], "best_observations": [0.05192259042210706, 0.05192259042210706, 0.05192259042210706, 0.026665758635757417, 0.006260562568443097, 0.006260562568443097, 0.006260562568443097, 0.006260562568443097, 0.006260562568443097, 0.006260562568443097, 0.006260562568443097, 0.006260562568443097, 0.006260562568443097, 0.006260562568443097, 0.006260562568443097, 0.006260562568443097, 0.006260562568443097, 0.006260562568443097, 0.006260562568443097, 0.006260562568443097, 0.006260562568443097, 0.006260562568443097, 0.006260562568443097, 0.006260562568443097, 0.006260562568443097, 0.006260562568443097, 0.006260562568443097, 0.006218957449077741, 0.006218957449077741, 0.006218957449077741, 0.006218957449077741, 0.0062022423868729375, 0.0062022423868729375, 0.0062022423868729375, 0.0062022423868729375, 0.0062022423868729375, 0.0062022423868729375, 0.0062022423868729375, 0.0062022423868729375, 0.006134163571363672, 0.006134163571363672, 0.006134163571363672, 0.006134163571363672, 0.006134163571363672, 0.006011505927060186, 0.006011505927060186, 0.006011505927060186, 0.006011505927060186, 0.005860324346898942, 0.0049774714485137095, 0.0049774714485137095, 0.0049774714485137095, 0.0049774714485137095, 0.0049774714485137095, 0.0049774714485137095]}