{
    "x1": [
        16,
        23,
        27,
        14,
        9,
        12,
        17,
        19,
        8,
        17,
        13,
        13,
        14,
        14,
        14,
        14,
        29,
        14,
        14,
        14,
        14,
        15,
        14,
        15,
        16,
        17,
        16,
        18,
        17,
        17
    ],
    "x2": [
        28,
        5,
        10,
        26,
        5,
        9,
        3,
        4,
        28,
        1,
        27,
        27,
        27,
        29,
        29,
        26,
        28,
        29,
        29,
        26,
        24,
        27,
        28,
        28,
        24,
        24,
        24,
        22,
        25,
        25
    ],
    "x3": [
        12,
        20,
        26,
        16,
        11,
        28,
        26,
        14,
        4,
        21,
        16,
        16,
        17,
        17,
        18,
        18,
        2,
        19,
        18,
        18,
        19,
        20,
        21,
        22,
        24,
        24,
        28,
        23,
        25,
        23
    ],
    "mse": [
        5548409.939292908,
        1922527039870.79,
        1249591307.4906998,
        20784.595542907715,
        2054384689942.627,
        6252686149.08152,
        30913113111337.867,
        7707704348362.689,
        522552256476.7519,
        475762732371579.1,
        20784.595542907715,
        20784.595542907715,
        5020.007652282715,
        5020.007652282715,
        1174.4519882202148,
        1174.4519882202148,
        5829460307516.752,
        261.69026947021484,
        1174.4519882202148,
        1174.4519882202148,
        261.69026947021484,
        53.492027282714844,
        9.478843688964844,
        1.5017318725585938,
        0.0,
        0.0,
        0.0,
        0.5025863647460938,
        0.0,
        0.5025863647460938
    ],
    "power": [
        0.000306,
        0.000425,
        0.000762,
        0.000459,
        0.000252,
        0.000619,
        0.00045,
        0.000265,
        6.49e-05,
        0.00029,
        0.000454,
        0.000454,
        0.000502,
        0.000485,
        0.000553,
        0.000533,
        2.31e-05,
        0.000551,
        0.000553,
        0.000533,
        0.000566,
        0.000625,
        0.00065,
        0.000694,
        0.000778,
        0.000798,
        0.000939,
        0.000743,
        0.00083,
        0.000751
    ],
    "loss": [
        1697.8134414236329,
        817073991.9450858,
        952188.5763079132,
        9.540129354199232,
        517704941.865542,
        3870412.726281461,
        13910900900.10204,
        2042541652.3161125,
        33913641.4453412,
        137971192387.75793,
        9.436206376484643,
        9.436206376484643,
        2.5200438414509425,
        2.434703711361967,
        0.6494719494913087,
        0.6259829097267046,
        134660533.10363695,
        0.14419133848359836,
        0.6494719494913087,
        0.6259829097267046,
        0.1481166925258016,
        0.03343251705794678,
        0.006161248404327148,
        0.001042201926495664,
        7.780000000000001e-12,
        7.98e-12,
        9.39e-12,
        0.00037342167643634766,
        8.3e-12,
        0.00037744236743431645
    ],
    "time": [
        370.2725431919098
    ]
}