{
    "x0": [
        15,
        12,
        22,
        24,
        14,
        27,
        7,
        11,
        24,
        30,
        13,
        12,
        13,
        13,
        13,
        13,
        14,
        13,
        13,
        12
    ],
    "x1": [
        5,
        9,
        10,
        22,
        12,
        3,
        29,
        19,
        8,
        25,
        12,
        12,
        12,
        12,
        13,
        12,
        12,
        12,
        11,
        12
    ],
    "x2": [
        29,
        19,
        17,
        7,
        22,
        6,
        19,
        22,
        26,
        25,
        22,
        22,
        23,
        20,
        25,
        22,
        27,
        25,
        28,
        23
    ],
    "loss": [
        1773955883074.59,
        8583792206.09,
        1583232276.0800002,
        7443053302.96,
        7.41,
        24094086016553.91,
        145887127792.54,
        353843529.92999995,
        32984553385.92,
        7.419999999999999,
        7.289999999999999,
        7.1,
        6.259999999999999,
        62.61,
        6.609999999999999,
        7.289999999999999,
        6.85,
        6.46,
        160030313.54000002,
        6.1
    ],
    "iter_time": [
        2.7527294158935547,
        2.501422166824341,
        2.658599376678467,
        2.6348226070404053,
        2.70129656791687,
        2.473533868789673,
        2.757735013961792,
        2.7183871269226074,
        2.9027605056762695,
        3.4690029621124268,
        2.6176841259002686,
        2.5544137954711914,
        2.57210111618042,
        2.6090376377105713,
        2.821538209915161,
        2.6186532974243164,
        2.7172038555145264,
        2.650273561477661,
        2.602318286895752,
        2.566319704055786
    ]
}