{
    "x1": [
        2,
        1,
        9,
        10,
        7,
        11,
        9,
        8,
        4,
        0,
        11,
        10,
        9,
        10,
        9,
        8,
        9,
        9,
        9,
        9,
        9,
        9,
        8,
        2,
        11,
        12,
        12,
        12,
        9,
        12
    ],
    "x2": [
        8,
        4,
        1,
        10,
        5,
        7,
        1,
        6,
        3,
        1,
        11,
        9,
        9,
        9,
        9,
        9,
        9,
        8,
        9,
        9,
        9,
        9,
        9,
        10,
        9,
        9,
        9,
        9,
        9,
        8
    ],
    "x3": [
        23,
        19,
        18,
        4,
        22,
        2,
        4,
        6,
        11,
        5,
        3,
        5,
        6,
        6,
        7,
        6,
        8,
        8,
        8,
        8,
        9,
        8,
        9,
        10,
        16,
        17,
        16,
        18,
        17,
        16
    ],
    "mse": [
        123398288343848.88,
        545297553684991.56,
        478374502113702.8,
        420982882401.55286,
        2572230731840.3027,
        7075752129777.552,
        495204863312209.56,
        811881213677.5529,
        55802913620984.555,
        3241679869041521.5,
        1500906430801.5527,
        145029586801.5529,
        71810201485.55289,
        54699435069.552895,
        39720361061.552895,
        117941262453.55289,
        27889861955.552895,
        60973978495.552895,
        27889861955.552895,
        27889861955.552895,
        23064293713.052895,
        27889861955.552895,
        54082019924.052895,
        121884056225442.03,
        7394789992.728676,
        6272231914.480629,
        6279131490.619301,
        6268545901.44059,
        19039193499.19938,
        27755794020.771645
    ],
    "power": [
        0.000234,
        8.95e-05,
        0.000224,
        6.49e-05,
        0.000296,
        2.31e-05,
        4.51e-05,
        0.000119,
        0.000144,
        2.31e-05,
        4.11e-05,
        8.93e-05,
        0.000119,
        0.000119,
        0.000142,
        0.000119,
        0.000172,
        0.000172,
        0.000172,
        0.000172,
        0.000205,
        0.000172,
        0.000202,
        0.000147,
        0.000436,
        0.000493,
        0.00044,
        0.00051,
        0.000475,
        0.00043
    ],
    "loss": [
        28875199472.460636,
        48804131054.80674,
        107155888473.46942,
        27321789.067860782,
        761380296.6247295,
        163449874.19786143,
        22333739335.38065,
        96613864.4276288,
        8035619561.421776,
        74882804974.85915,
        61687254.305943824,
        12951142.101378674,
        8545413.976780795,
        6509232.773276795,
        5640291.270740512,
        14035010.231972795,
        4797056.256355098,
        10487524.301235098,
        4797056.256355098,
        4797056.256355098,
        4728180.211175843,
        4797056.256355098,
        10924568.024658686,
        17916956265.139977,
        3224128.436829703,
        3092210.33383895,
        2762817.8558724923,
        3196958.4097347013,
        9043616.912119705,
        11934991.428931806
    ],
    "time": [
        369.0908999443054
    ]
}