{"configs": [[8, 4, 6, 4, 4], [8, 6, 10, 2, 7], [5, 4, 11, 8, 9], [8, 2, 4, 8, 9], [4, 5, 7, 10, 9], [8, 4, 9, 11, 5], [4, 7, 6, 8, 8], [7, 8, 6, 3, 4], [2, 6, 12, 8, 5], [3, 6, 12, 7, 4], [3, 8, 10, 9, 6], [2, 2, 11, 4, 10], [8, 2, 3, 4, 6], [2, 2, 8, 4, 2], [5, 3, 12, 6, 5], [7, 7, 10, 6, 6], [4, 4, 6, 9, 7], [3, 3, 5, 7, 5], [5, 5, 9, 10, 8], [5, 5, 8, 10, 9], [5, 6, 8, 10, 9], [6, 6, 9, 11, 9], [4, 5, 6, 10, 9], [5, 6, 9, 10, 9], [4, 5, 7, 9, 8], [4, 5, 6, 9, 8], [4, 4, 7, 9, 7], [4, 5, 8, 10, 9], [5, 5, 6, 11, 9], [5, 5, 6, 10, 8], [5, 6, 7, 11, 9], [5, 5, 5, 11, 9], [4, 5, 5, 10, 8], [4, 4, 6, 10, 8], [5, 5, 5, 11, 9], [4, 4, 5, 9, 7], [5, 5, 5, 11, 9], [5, 5, 5, 11, 9], [5, 6, 8, 11, 9], [6, 6, 8, 11, 9], [4, 4, 7, 10, 8], [5, 5, 5, 11, 9], [4, 5, 6, 10, 8], [4, 5, 5, 9, 8], [5, 5, 5, 11, 9], [3, 4, 5, 10, 8], [4, 4, 6, 9, 8], [5, 5, 5, 11, 9], [5, 5, 5, 11, 9], [5, 5, 8, 11, 9], [6, 5, 7, 11, 9], [5, 5, 5, 11, 9], [5, 5, 5, 11, 9], [5, 5, 5, 11, 9], [5, 5, 5, 11, 9], [5, 5, 5, 11, 9], [4, 5, 7, 10, 8], [5, 5, 5, 11, 9], [5, 5, 5, 11, 9], [5, 5, 5, 11, 9], [5, 5, 5, 11, 9], [5, 5, 5, 11, 9], [5, 5, 5, 11, 9], [5, 5, 5, 11, 9], [5, 5, 5, 11, 9], [5, 5, 7, 9, 8], [5, 5, 5, 11, 9], [5, 5, 5, 11, 9], [5, 5, 5, 11, 9], [5, 5, 5, 11, 9], [5, 5, 5, 11, 9], [5, 5, 5, 11, 9], [5, 5, 5, 11, 9], [5, 5, 5, 11, 9], [3, 4, 6, 10, 7], [5, 5, 5, 11, 9], [5, 5, 5, 11, 9], [5, 5, 5, 11, 9], [5, 5, 5, 11, 9], [5, 5, 5, 11, 9], [5, 5, 5, 11, 9], [5, 5, 7, 10, 8], [5, 5, 5, 11, 9], [5, 5, 5, 11, 9], [5, 5, 5, 11, 9], [5, 5, 5, 11, 9], [5, 5, 5, 11, 9], [5, 5, 5, 11, 9], [5, 5, 5, 11, 9], [5, 5, 5, 11, 9], [5, 5, 5, 11, 9], [5, 5, 5, 11, 9], [5, 5, 5, 11, 9], [5, 5, 5, 11, 9], [5, 5, 5, 11, 9], [5, 5, 5, 11, 9], [5, 5, 5, 11, 9], [5, 5, 5, 11, 9], [5, 5, 5, 11, 9], [5, 5, 5, 11, 9]], "observations": [16383.420664150095, 16323.409915730192, 18975.904642022244, 15366.351095699996, 0.00037998600777232674, 0.05810803051774539, 215.5006988407465, 16346.769517413648, 16479.593346612517, 16282.180469818122, 175.01336656445682, 16519.27274962101, 16291.274945713989, 16490.207213804628, 14600.62239151527, 16359.558910176964, 0.051927921025794965, 13425.442548022482, 0.011997915690743245, 0.01036457888261426, 0.005307113494008028, 0.022536136149330296, 0.003754352111647697, 0.013258253719332244, 0.049229790411505395, 0.020425068669203406, 98.67937009327581, 0.010012828423721677, 0.00017881098026444747, 0.0035945200460055574, 0.0151866273129754, 80.78588775644997, 80.35893240617646, 0.027913072278413276, 0.06977913775709786, 0.04307458597613001, 0.06854789795110158, 80.85700798432572, 0.017670869404519618, 0.022511813135794312, 0.03501123398191727, 81.4202971543692, 0.003540339724459357, 0.0610110497237569, 0.06929834585533085, 0.04263230045136754, 0.050929989731285, 0.06965964081330715, 80.09223531353818, 0.008304118214594012, 0.015541035963638448, 80.52006806533458, 0.06854789795110158, 80.41341553889838, 80.90923399523754, 80.56000081336354, 0.0002970930749400212, 80.41341553889838, 80.35893240617646, 80.66517786742222, 80.39403143282303, 0.06974802688671736, 0.06991583549172772, 0.06974802688671736, 80.19088749284947, 0.050798414784266235, 0.06988910548866109, 0.06915400878951906, 80.40872241021499, 80.58403805496827, 80.46254718042614, 80.78588775644997, 81.18377859704054, 80.77371870580538, 0.02863871329448254, 0.06965964081330715, 80.52006806533458, 0.06864229254167428, 80.45916150893638, 0.06876202551500571, 80.38050086338136, 0.00044668097311351997, 80.58403805496827, 0.06977913775709786, 80.60875530374247, 80.09349941691862, 80.34702600144848, 80.96832643310486, 0.0689924947058091, 0.0686351811867537, 81.07299317910272, 80.09223531353818, 80.90923399523754, 0.06854618496899131, 80.37584659905784, 80.19411467412044, 80.52006806533458, 0.06901479570919242, 0.06974701869125297, 80.34702600144848], "best_observations": [0.00037998600777232674, 0.00037998600777232674, 0.00037998600777232674, 0.00037998600777232674, 0.00037998600777232674, 0.00037998600777232674, 0.00037998600777232674, 0.00037998600777232674, 0.00037998600777232674, 0.00037998600777232674, 0.00037998600777232674, 0.00037998600777232674, 0.00037998600777232674, 0.00017881098026444747, 0.00017881098026444747, 0.00017881098026444747, 0.00017881098026444747, 0.00017881098026444747, 0.00017881098026444747, 0.00017881098026444747, 0.00017881098026444747, 0.00017881098026444747, 0.00017881098026444747, 0.00017881098026444747, 0.00017881098026444747, 0.00017881098026444747, 0.00017881098026444747, 0.00017881098026444747, 0.00017881098026444747, 0.00017881098026444747, 0.00017881098026444747, 0.00017881098026444747, 0.00017881098026444747, 0.00017881098026444747, 0.00017881098026444747, 0.00017881098026444747, 0.00017881098026444747, 0.00017881098026444747, 0.00017881098026444747, 0.00017881098026444747, 0.00017881098026444747, 0.00017881098026444747, 0.00017881098026444747, 0.00017881098026444747, 0.00017881098026444747, 0.00017881098026444747, 0.00017881098026444747, 0.00017881098026444747, 0.00017881098026444747, 0.00017881098026444747, 0.00017881098026444747, 0.00017881098026444747, 0.00017881098026444747, 0.00017881098026444747, 0.00017881098026444747, 0.00017881098026444747, 0.00017881098026444747, 0.00017881098026444747, 0.00017881098026444747, 0.00017881098026444747, 0.00017881098026444747, 0.00017881098026444747, 0.00017881098026444747, 0.00017881098026444747, 0.00017881098026444747, 0.00017881098026444747, 0.00017881098026444747, 0.00017881098026444747, 0.00017881098026444747, 0.00017881098026444747, 0.00017881098026444747, 0.00017881098026444747, 0.00017881098026444747, 0.00017881098026444747, 0.00017881098026444747, 0.00017881098026444747, 0.00017881098026444747, 0.00017881098026444747, 0.00017881098026444747, 0.00017881098026444747, 0.00017881098026444747, 0.00017881098026444747, 0.00017881098026444747, 0.00017881098026444747, 0.00017881098026444747]}