{"configs": [[23, 26, 23], [30, 16, 20], [29, 29, 15], [11, 2, 30], [14, 26, 16], [6, 29, 25], [24, 27, 22], [23, 4, 25], [10, 20, 19], [18, 1, 1], [16, 23, 11], [24, 24, 13], [23, 13, 3], [25, 7, 12], [25, 24, 25], [29, 23, 25], [29, 26, 27], [30, 30, 30], [29, 26, 27], [30, 30, 30], [27, 24, 25], [27, 24, 25], [28, 20, 25], [28, 18, 26], [27, 23, 25], [27, 23, 25], [28, 23, 26], [30, 23, 24], [27, 23, 24], [27, 23, 24], [29, 24, 22], [28, 25, 21], [29, 24, 24], [30, 23, 23], [28, 23, 24], [28, 23, 24]], "observations": [14.61, 860.16, 1359003.06, 1935625492740097.2, 333253.59, 7634952249351.49, 29.11, 123762289521139.8, 20038221506.6, 1.0104433806108168e+16, 358733202.7, 22209381.43, 23503739754769.09, 1885399269491.01, 7.509999999999999, 7.409999999999999, 8.25, 9.499999999999998, 8.25, 9.499999999999998, 7.45, 7.45, 7.79, 7.92, 7.529999999999999, 7.529999999999999, 7.92, 6.68, 6.93, 6.93, 29.939999999999998, 156.68, 6.749999999999999, 14.42, 7.0, 7.0], "best_observations": [7.409999999999999, 7.409999999999999, 7.409999999999999, 7.409999999999999, 7.409999999999999, 7.409999999999999, 6.68, 6.68, 6.68, 6.68, 6.68]}