{"configs": [[10, 4, 2], [10, 7, 1], [11, 9, 4], [3, 11, 0], [5, 3, 23], [0, 8, 1], [11, 10, 9], [11, 11, 14], [11, 11, 19], [12, 12, 24], [11, 12, 24], [13, 12, 25], [11, 12, 23], [12, 11, 23], [13, 11, 25], [11, 13, 24], [12, 11, 25], [12, 13, 25], [11, 12, 25], [13, 13, 25], [12, 11, 24], [13, 12, 24], [12, 12, 25], [13, 13, 23], [12, 12, 23], [12, 13, 23], [13, 11, 24], [11, 11, 24], [11, 11, 23], [12, 13, 24], [11, 11, 25], [13, 11, 23], [13, 12, 23], [11, 13, 23], [11, 8, 14], [11, 8, 14], [8, 8, 15], [8, 8, 15], [13, 13, 24], [10, 10, 18], [11, 13, 25], [9, 9, 22], [11, 12, 15], [11, 12, 15], [9, 9, 19], [9, 9, 19], [9, 8, 22], [9, 8, 22], [8, 7, 16], [8, 7, 16], [11, 9, 21], [11, 9, 21], [10, 8, 23], [10, 8, 23], [9, 10, 17], [9, 10, 17], [10, 7, 15], [10, 7, 15], [8, 9, 15], [8, 9, 15], [8, 11, 15], [8, 11, 15], [10, 10, 22], [10, 10, 22], [11, 9, 19], [11, 9, 19], [11, 11, 22], [11, 11, 22], [10, 8, 18], [10, 8, 18], [11, 10, 18], [11, 10, 18], [12, 12, 22], [12, 12, 22], [9, 12, 16], [9, 12, 16], [10, 11, 22], [10, 11, 22], [12, 9, 22], [12, 9, 22], [10, 11, 19], [10, 11, 19], [10, 8, 15], [10, 8, 15], [9, 8, 22], [9, 8, 22], [9, 9, 19], [9, 9, 19], [10, 10, 21], [10, 10, 21], [8, 11, 22], [8, 11, 22], [9, 11, 20], [9, 11, 20], [8, 9, 18], [8, 9, 18], [10, 9, 16], [10, 9, 16], [10, 10, 16], [10, 10, 16]], "observations": [517249930.7517436, 469995345.8916147, 28687932.874472097, 4390664635.37924, 7272501254.054858, 37253248316.45686, 667757.78373975, 191900.80552387502, 269921.065568625, 7.04e-12, 121895.63273750001, 7.460000000000001e-12, 117305.4320603125, 118958.917344, 128543.45366175, 126312.007184, 123737.9362065, 7.370000000000001e-12, 122701.42533687499, 7.61e-12, 123632.677194625, 7.1e-12, 7.1199999999999995e-12, 0.00035050000701000007, 0.00033750000675000005, 0.00034750000695000003, 123904.49223374999, 316173.83844, 313963.06232, 7.159999999999999e-12, 315181.50072, 120527.586396, 0.00034550000691, 121306.90906743749, 11162965.255652374, 11162965.255652374, 33413352.955441874, 33413352.955441874, 7.42e-12, 1954472.8918375, 125322.2249125, 9508586.675861686, 75553.48671674999, 75553.48671674999, 9515956.397754937, 9515956.397754937, 22355702.796115812, 22355702.796115812, 80536694.55176425, 80536694.55176425, 4182242.9437030004, 4182242.9437030004, 17982300.168099377, 17982300.168099377, 4849611.740763125, 4849611.740763125, 49981776.653646, 49981776.653646, 18710017.76709, 18710017.76709, 12014509.67885, 12014509.67885, 2157335.6881741877, 2157335.6881741877, 3969179.781417, 3969179.781417, 321099.546259375, 321099.546259375, 16056626.46952, 16056626.46952, 944609.9650813126, 944609.9650813126, 0.0009525000063500001, 0.0009525000063500001, 2815234.958727375, 2815234.958727375, 1112649.6199822498, 1112649.6199822498, 3633846.9176268745, 3633846.9176268745, 1016030.6392921876, 1016030.6392921876, 13989937.88054625, 13989937.88054625, 22325109.918383688, 22325109.918383688, 9504350.37977675, 9504350.37977675, 2159349.9186555627, 2159349.9186555627, 15955777.864477752, 15955777.864477752, 3929068.40625875, 3929068.40625875, 21849802.819504876, 21849802.819504876, 4468515.305018563, 4468515.305018563, 1617361.542083875, 1617361.542083875], "best_observations": [28687932.874472097, 191900.80552387502, 7.04e-12, 7.04e-12, 7.04e-12, 7.04e-12, 7.04e-12, 7.04e-12, 7.04e-12, 7.04e-12, 7.04e-12, 7.04e-12, 7.04e-12, 7.04e-12, 7.04e-12, 7.04e-12, 7.04e-12, 7.04e-12, 7.04e-12, 7.04e-12, 7.04e-12, 7.04e-12, 7.04e-12, 7.04e-12, 7.04e-12, 7.04e-12, 7.04e-12, 7.04e-12, 7.04e-12, 7.04e-12, 7.04e-12, 7.04e-12, 7.04e-12, 7.04e-12, 7.04e-12, 7.04e-12, 7.04e-12, 7.04e-12, 7.04e-12, 7.04e-12, 7.04e-12, 7.04e-12, 7.04e-12, 7.04e-12, 7.04e-12, 7.04e-12, 7.04e-12, 7.04e-12]}