{
    "x1": [
        11,
        4,
        20,
        2,
        21,
        28,
        3,
        16,
        23,
        23,
        30,
        30,
        30,
        26,
        25,
        27,
        28,
        26,
        24,
        21,
        17,
        18,
        15,
        16,
        13,
        20,
        18,
        18,
        16,
        12
    ],
    "x2": [
        6,
        2,
        28,
        25,
        15,
        7,
        24,
        7,
        29,
        27,
        30,
        30,
        30,
        30,
        25,
        18,
        23,
        28,
        27,
        23,
        16,
        15,
        14,
        15,
        17,
        12,
        15,
        17,
        13,
        12
    ],
    "x3": [
        26,
        5,
        23,
        8,
        6,
        26,
        18,
        9,
        25,
        30,
        30,
        30,
        30,
        23,
        24,
        20,
        22,
        26,
        25,
        25,
        25,
        25,
        24,
        21,
        26,
        28,
        24,
        24,
        24,
        22
    ],
    "mse": [
        485715451372.0,
        166023480820304.75,
        0.4375,
        122459571674922.31,
        22924985560.1875,
        116421363086.5,
        30784149649549.5,
        125101629133.875,
        0.0,
        0.0,
        0.0,
        0.0,
        0.0,
        0.4375,
        0.0,
        53.875,
        1.5,
        0.0,
        0.0,
        0.0,
        0.0,
        0.0,
        0.0,
        9.5,
        0.0,
        0.0,
        0.0,
        0.0,
        0.0,
        1.4375
    ],
    "power": [
        0.000459,
        7.71e-05,
        0.000759,
        0.000118,
        0.000119,
        0.000608,
        0.000316,
        0.000203,
        0.000839,
        0.00111,
        0.00105,
        0.00105,
        0.00105,
        0.00072,
        0.000793,
        0.000621,
        0.000699,
        0.000884,
        0.000858,
        0.000841,
        0.000812,
        0.000831,
        0.000749,
        0.000642,
        0.000846,
        0.000858,
        0.00077,
        0.00079,
        0.000743,
        0.000635
    ],
    "loss": [
        222943392.179748,
        12800410371.245497,
        0.00033206250759,
        14450229457.640833,
        2728073.281662313,
        70784188.756592,
        9727791289.25764,
        25395630.714176625,
        8.39e-12,
        1.11e-11,
        1.05e-11,
        1.05e-11,
        1.05e-11,
        0.0003150000072,
        7.93e-12,
        0.03345637500621,
        0.00104850000699,
        8.84e-12,
        8.580000000000001e-12,
        8.41e-12,
        8.12e-12,
        8.31e-12,
        7.49e-12,
        0.00609900000642,
        8.459999999999999e-12,
        8.580000000000001e-12,
        7.7e-12,
        7.9e-12,
        7.43e-12,
        0.0009128125063500001
    ],
    "time": 41.29505896568298
}