{
    "x1": [
        11,
        20,
        15,
        16,
        28,
        13,
        8,
        4,
        14,
        14,
        15,
        16,
        17,
        19,
        12,
        10,
        13,
        13,
        12,
        10,
        13,
        13,
        13,
        13,
        12,
        11,
        13,
        14,
        14,
        12
    ],
    "x2": [
        24,
        19,
        25,
        23,
        28,
        16,
        11,
        6,
        15,
        15,
        12,
        10,
        11,
        11,
        13,
        15,
        13,
        13,
        13,
        14,
        12,
        12,
        11,
        12,
        10,
        8,
        12,
        13,
        12,
        12
    ],
    "x3": [
        26,
        23,
        5,
        26,
        19,
        28,
        26,
        24,
        27,
        29,
        25,
        23,
        24,
        24,
        25,
        25,
        25,
        25,
        21,
        17,
        24,
        24,
        25,
        25,
        24,
        25,
        23,
        23,
        25,
        25
    ],
    "mse": [
        180019244.125,
        0.4375,
        91422382287.6875,
        0.0,
        261.875,
        0.0,
        29973424091.8125,
        10370315156908.0,
        0.0,
        0.0,
        0.0,
        1242963011.9375,
        180902119.625,
        180902119.625,
        0.0,
        1245458123.0,
        0.0,
        0.0,
        9.5,
        1266347131.1875,
        0.0,
        0.0,
        179030779.3125,
        0.0,
        1256222985.25,
        30056959975.1875,
        0.4375,
        0.4375,
        0.0,
        0.0
    ],
    "power": [
        0.000768,
        0.000752,
        8.93e-05,
        0.000877,
        0.000601,
        0.000855,
        0.000533,
        0.000227,
        0.000851,
        0.00092,
        0.000733,
        0.000654,
        0.000723,
        0.000731,
        0.000737,
        0.000693,
        0.000761,
        0.000761,
        0.000618,
        0.000477,
        0.00071,
        0.00071,
        0.000717,
        0.000746,
        0.000635,
        0.000536,
        0.000691,
        0.00069,
        0.000757,
        0.000712
    ],
    "loss": [
        138254.779488,
        0.00032900000751999995,
        8164018.738290494,
        8.769999999999999e-12,
        0.15738687500601,
        8.55e-12,
        15975835.040936064,
        2354061540.618116,
        8.51e-12,
        9.200000000000001e-12,
        7.33e-12,
        812897.8098071249,
        130792.232488875,
        132239.44944587498,
        7.370000000000001e-12,
        863102.479239,
        7.61e-12,
        7.61e-12,
        0.0058710000061800004,
        604047.5815764375,
        7.1e-12,
        7.1e-12,
        128365.06876706249,
        7.460000000000001e-12,
        797701.5956337501,
        16110530.5467005,
        0.00030231250691,
        0.0003018750069,
        7.57e-12,
        7.1199999999999995e-12
    ],
    "time": 31.43555736541748
}