{
    "x1": [
        10,
        4,
        5,
        7,
        8,
        10,
        10,
        11,
        11,
        12,
        11,
        11,
        11,
        11,
        11,
        11,
        12,
        12,
        13,
        12,
        13,
        13,
        12,
        12,
        11,
        12,
        13,
        13,
        13,
        11
    ],
    "x2": [
        8,
        11,
        8,
        6,
        1,
        11,
        11,
        11,
        11,
        12,
        11,
        12,
        12,
        12,
        13,
        11,
        13,
        13,
        11,
        11,
        12,
        12,
        12,
        11,
        13,
        11,
        12,
        13,
        11,
        13
    ],
    "x3": [
        3,
        24,
        16,
        16,
        19,
        12,
        16,
        20,
        22,
        24,
        23,
        25,
        24,
        24,
        24,
        25,
        23,
        25,
        24,
        24,
        23,
        25,
        25,
        23,
        23,
        25,
        24,
        24,
        23,
        25
    ],
    "mse": [
        1814544810370.9375,
        7819257849491.9375,
        2217170157294.9375,
        849929534145.1875,
        481707767803540.25,
        1975823007.6875,
        1835934746.0,
        493133735.3125,
        494126963.375,
        0.0,
        490782446.125,
        178346264.0625,
        179172085.9375,
        179172085.9375,
        178392182.25,
        489319425.875,
        0.5,
        0.0,
        176903947.25,
        176903947.25,
        0.5,
        0.0,
        0.0,
        178327629.0,
        179275699.6875,
        178647415.0625,
        0.0,
        0.0,
        180542609.5625,
        178702368.6875
    ],
    "power": [
        4.11e-05,
        0.000388,
        0.000327,
        0.000322,
        0.000195,
        0.000304,
        0.000449,
        0.000587,
        0.00065,
        0.000704,
        0.00064,
        0.000685,
        0.00068,
        0.00068,
        0.000704,
        0.00064,
        0.000695,
        0.000737,
        0.00069,
        0.000691,
        0.000691,
        0.000746,
        0.000712,
        0.000664,
        0.000677,
        0.000693,
        0.00071,
        0.000742,
        0.000672,
        0.0007
    ],
    "loss": [
        74577791.70624554,
        3033872045.602872,
        725014641.4354445,
        273677309.9947504,
        93933014721.69035,
        600650.194337,
        824334.700954,
        289469.5026284375,
        321182.52619375,
        7.04e-12,
        314100.76552,
        122167.19088281249,
        121837.01843750001,
        121837.01843750001,
        125588.09630399999,
        313164.43256000004,
        0.00034750000695000003,
        7.370000000000001e-12,
        122063.72360249999,
        122240.62754975,
        0.00034550000691,
        7.460000000000001e-12,
        7.1199999999999995e-12,
        118409.545656,
        121369.64868843749,
        123802.65863831251,
        7.1e-12,
        7.42e-12,
        121324.633626,
        125091.65808125
    ],
    "time": 30.844192504882812
}