{
    "x1": [
        6,
        12,
        6,
        10,
        6,
        0,
        12,
        13,
        11,
        11,
        13,
        12,
        13,
        12,
        11,
        13,
        13,
        12,
        13,
        11,
        11,
        11,
        13,
        12,
        12,
        11,
        11,
        13,
        11,
        10
    ],
    "x2": [
        5,
        8,
        10,
        7,
        1,
        1,
        12,
        13,
        12,
        13,
        12,
        13,
        11,
        11,
        13,
        11,
        13,
        13,
        11,
        13,
        12,
        11,
        12,
        12,
        11,
        11,
        12,
        12,
        11,
        9
    ],
    "x3": [
        24,
        24,
        24,
        17,
        22,
        14,
        24,
        24,
        25,
        25,
        25,
        23,
        25,
        23,
        24,
        24,
        23,
        24,
        23,
        23,
        23,
        24,
        23,
        23,
        24,
        23,
        24,
        24,
        25,
        24
    ],
    "mse": [
        3477689580123.75,
        27795698021.6875,
        502222392823.0,
        130499633850.5625,
        491459789130910.06,
        3275738544594126.5,
        0.0,
        0.0,
        179716433.625,
        181079670.25,
        0.0,
        0.5,
        178904612.3125,
        179304621.375,
        179207132.375,
        178472010.875,
        0.4375,
        0.0,
        178034974.25,
        178411272.75,
        180435342.75,
        492450007.375,
        0.5,
        0.5,
        180348943.5625,
        491843573.25,
        178324346.1875,
        0.0,
        490824332.3125,
        10290263742.125
    ],
    "power": [
        0.000271,
        0.000553,
        0.000421,
        0.000413,
        0.00014,
        2.31e-05,
        0.000704,
        0.000742,
        0.000685,
        0.0007,
        0.000746,
        0.000695,
        0.000717,
        0.000664,
        0.000704,
        0.00069,
        0.000701,
        0.000716,
        0.000672,
        0.000677,
        0.000655,
        0.00064,
        0.000691,
        0.000675,
        0.000691,
        0.00064,
        0.00068,
        0.00071,
        0.00064,
        0.000553
    ],
    "loss": [
        942453876.2135361,
        15371021.005993187,
        211435627.378483,
        53896348.78028231,
        68804370478.32741,
        75669560380.12431,
        7.04e-12,
        7.42e-12,
        123105.75703312499,
        126755.769175,
        7.460000000000001e-12,
        0.00034750000695000003,
        128274.6070280625,
        119058.268593,
        126161.821192,
        123145.68750375,
        0.00030668750701,
        7.159999999999999e-12,
        119639.502696,
        120784.43165175,
        118185.14950125,
        315168.00472,
        0.00034550000691,
        0.00033750000675000005,
        124621.1200016875,
        314779.88688,
        121260.55540750001,
        7.1e-12,
        314127.57268000004,
        5690515.849395125
    ],
    "time": 31.20435070991516
}